年份,甲,名,姓名,省,府,州县,坐标,longitude,latitude
1658,3,210,伍亶直,广西,桂林府,全州,"111.072928,25.928707",111.072928,25.928707
1661,3,17,吴轸,广西,梧州府,容县,"110.557868,22.857756",110.557868,22.857756
1664,3,98,李棠,广西,桂林府,临桂县,"110.290131,25.273444",110.290131,25.273444
1664,3,130,戴朱纮,广西,柳州府,马平县,"109.410735,24.315408",109.410735,24.315408
1664,3,156,袁景星,广西,平乐府,平乐县,"110.643305,24.633362",110.643305,24.633362
1667,3,109,曹云路,广西,桂林府,全州,"111.072938,25.928717",111.072938,25.928717
1670,3,90,廖必强,广西,桂林府,全州,"111.072948,25.928727",111.072948,25.928727
1670,3,155,李彬,广西,浔州府,贵县,"109.572240,23.111434",109.57224,23.111434
1673,3,13,黄裳吉,广西,桂林府,临桂县,"110.290141,25.273454",110.290141,25.273454
1673,3,70,张汝贤,广西,庆远府,天河县,"108.696116,24.777391",108.696116,24.777391
1685,3,35,郊咸齐,广西,桂林府,全州,"111.072958,25.928737",111.072958,25.928737
1694,3,10,陈允恭,广西,平乐府,平乐县,"110.643315,24.633372",110.643315,24.633372
1700,3,84,陈廷纶,广西,平乐府,平乐县,"110.643325,24.633382",110.643325,24.633382
1700,3,228,陈若沂,广西,桂林府,临桂县,"110.290151,25.273464",110.290151,25.273464
1703,3,72,蒋肇,广西,桂林府,永宁州,"109.771556,25.156051",109.771556,25.156051
1706,3,177,蒋纲,广西,桂林府,全州,"111.072968,25.928747",111.072968,25.928747
1706,3,207,梁兆吉,广西,南宁府,新宁州,"107.904206,22.634882",107.904206,22.634882
1709,3,219,邓葵友,广西,桂林府,全州,"111.072978,25.928757",111.072978,25.928757
1709,3,226,郢佳植,广西,桂林府,全州,"111.072988,25.928767",111.072988,25.928767
1712,3,88,谢济世,广西,桂林府,全州,"111.072998,25.928777",111.072998,25.928777
1712,3,104,李祖望,广西,平乐府,恭城县,"110.828382,24.831391",110.828382,24.831391
1713,2,18,蒋洽秀,广西,桂林府,永宁州,"109.771566,25.156061",109.771566,25.156061
1713,3,79,文大漳,广西,桂林府,灌阳县,"111.160751,25.489362",111.160751,25.489362
1713,3,111,蒋如松,广西,桂林府,全州,"111.073008,25.928787",111.073008,25.928787
1715,3,49,蒋林,广西,桂林府,全州,"111.073018,25.928797",111.073018,25.928797
1715,3,88,栗千钟,广西,桂林府,临桂县,"110.290161,25.273474",110.290161,25.273474
1718,3,36,卿悦,广西,桂林府,灌阳县,"111.160761,25.489372",111.160761,25.489372
1718,3,46,李洵,广西,梧州府,苍梧县,"111.320535,23.473099",111.320535,23.473099
1718,3,66,王极昭,广西,桂林府,全州,"111.073028,25.928807",111.073028,25.928807
1721,3,79,李梅宾,广西,桂林府,临桂县,"110.290171,25.273484",110.290171,25.273484
1723,2,14,陈齐实,广西,平乐府,平乐县,"110.643335,24.633392",110.643335,24.633392
1723,3,12,陈弘谋,广西,桂林府,临桂县,"110.290181,25.273494",110.290181,25.273494
1724,2,37,陈齐登,广西,平乐府,永安州,"110.525003,24.19357",110.525003,24.19357
1724,3,123,冷时松,广西,桂林府,临桂县,"110.290191,25.273504",110.290191,25.273504
1727,2,17,杨嗣璟,广西,桂林府,临桂县,"110.290201,25.273514",110.290201,25.273514
1727,3,55,曹銮,广西,桂林府,全州,"111.073038,25.928817",111.073038,25.928817
1727,3,67,谢廷琪,广西,桂林府,全州,"111.073048,25.928827",111.073048,25.928827
1727,3,149,吕炽,广西,桂林府,临桂县,"110.290211,25.273524",110.290211,25.273524
1730,2,31,王秉运,广西,庆远府,河池州,"107.846397,24.695333",107.846397,24.695333
1730,3,77,余景玠,广西,平乐府,恭城县,"110.828392,24.831401",110.828392,24.831401
1730,3,162,张鹏翼,广西,太平府,左州,"107.497407,22.68323",107.497407,22.68323
1733,2,90,王沧,广西,梧州府,苍梧县,"111.320545,23.473109",111.320545,23.473109
1733,3,46,童其澜,广西,桂林府,永宁州,"109.771576,25.156071",109.771576,25.156071
1733,3,208,王瀚,广西,梧州府,苍梧县,"111.320555,23.473119",111.320555,23.473119
1736,2,83,潘乙震,广西,庆远府,东兰州,"107.374294,24.510842",107.374294,24.510842
1736,3,4,梁秉睿,广西,桂林府,临桂县,"110.290221,25.273534",110.290221,25.273534
1736,3,35,李蓁,广西,柳州府,融县,"109.256260,25.065963",109.25626,25.065963
1736,3,181,蒋偰,广西,桂林府,临桂县,"110.290231,25.273544",110.290231,25.273544
1737,2,23,黄明懿,广西,桂林府,临桂县,"110.290241,25.273554",110.290241,25.273554
1737,3,1,谢庭瑜,广西,桂林府,全州,"111.073058,25.928837",111.073058,25.928837
1737,3,169,朱若炳,广西,桂林府,临桂县,"110.290251,25.273564",110.290251,25.273564
1737,3,229,胡峤,广西,柳州府,马平县,"109.410745,24.315418",109.410745,24.315418
1739,3,6,陈士琰,广西,平乐府,平乐县,"110.643345,24.633402",110.643345,24.633402
1739,3,13,何畴,广西,梧州府,容县,"110.557878,22.857766",110.557878,22.857766
1739,3,81,张绳祖,广西,桂林府,临桂县,"110.290261,25.273574",110.290261,25.273574
1739,3,176,黄瑞鹏,广西,桂林府,灵川县,"110.390079,25.466151",110.390079,25.466151
1739,3,191,文兆奭,广西,桂林府,灵川县,"110.390089,25.466161",110.390089,25.466161
1739,3,202,黄文都,广西,四城府,西隆州,"105.343801,24.770675",105.343801,24.770675
1739,3,219,马干彰,广西,南宁府,隆安县,"107.696105,23.165842",107.696105,23.165842
1742,3,69,黄立尹,广西,桂林府,全州,"111.073068,25.928847",111.073068,25.928847
1742,3,94,蒋若洛,广西,桂林府,兴安县,"110.671651,25.611579",110.671651,25.611579
1742,3,102,廖方莲,广西,桂林府,临桂县,"110.290271,25.273584",110.290271,25.273584
1742,3,116,何绍东,广西,平乐府,富川县,"111.27749,24.81449",111.27749,24.81449
1742,3,183,曹兆麒,广西,浔州府,桂平县,"110.079474,23.394297",110.079474,23.394297
1742,3,207,胡天培,广西,桂林府,临桂县,"110.290281,25.273594",110.290281,25.273594
1742,3,226,邓琮,广西,桂林府,全州,"111.073078,25.928857",111.073078,25.928857
1745,2,63,朱若东,广西,桂林府,临桂县,"110.290291,25.273604",110.290291,25.273604
1745,3,83,曹槐,广西,桂林府,临桂县,"110.290301,25.273614",110.290301,25.273614
1745,3,117,周才盛,广西,南宁府,宣化县,"108.365631,22.817641",108.365631,22.817641
1745,3,126,陶光昌,广西,桂林府,全州,"111.073088,25.928867",111.073088,25.928867
1745,3,128,江玑,广西,郁林州,陆川县,"110.264041,22.320963",110.264041,22.320963
1745,3,191,廖乘时,广西,桂林府,临桂县,"110.290311,25.273624",110.290311,25.273624
1745,3,198,文谟,广西,平乐府,荔浦县,"110.395233,24.487743",110.395233,24.487743
1745,3,208,赵如琬,广西,桂林府,全州,"111.073098,25.928877",111.073098,25.928877
1748,2,38,刘定逌,广西,思恩府,武缘县,"108.274780,23.158558",108.27478,23.158558
1748,3,52,黄元圮,广西,桂林府,临桂县,"110.290321,25.273634",110.290321,25.273634
1748,3,88,梁炳崇,广西,梧州府,容县,"110.557888,22.857776",110.557888,22.857776
1748,3,100,柯支澍,广西,郁林州,北流县,"110.354330,22.708226",110.35433,22.708226
1751,2,62,蒋良骐,广西,桂林府,全州,"111.073108,25.928887",111.073108,25.928887
1751,3,16,谭有德,广西,郁林县,兴业县,"109.875713,22.741738",109.875713,22.741738
1751,3,37,吴为墉,广西,南宁府,横州,"109.261369,22.680053",109.261369,22.680053
1751,3,89,朱一深,广西,桂林府,临桂县,"110.290331,25.273644",110.290331,25.273644
1751,3,151,张万鹏,广西,四城府,西隆州,"105.343811,24.770685",105.343811,24.770685
1752,2,31,陈齐绅,广西,平乐府,平乐县,"110.643355,24.633412",110.643355,24.633412
1752,2,37,胡德琳,广西,桂林府,临桂县,"110.290341,25.273654",110.290341,25.273654
1752,3,62,熊恩绂,广西,太平府,永康州,"107.803700,22.809200",107.8037,22.8092
1752,3,116,宋运新,广西,浔州府,贵县,"109.572250,23.111444",109.57225,23.111444
1752,3,121,邬凤翊,广西,桂林府,阳朔县,"110.496593,24.778481",110.496593,24.778481
1754,3,34,龚麒万,广西,桂林府,临桂县,"110.290351,25.273664",110.290351,25.273664
1754,3,70,陈圣时,广西,平乐府,平乐县,"110.643365,24.633422",110.643365,24.633422
1754,3,105,蒋良翊,广西,桂林府,全州,"111.073118,25.928897",111.073118,25.928897
1754,3,143,周天柱,广西,四城府,西隆州,"105.343821,24.770695",105.343821,24.770695
1757,2,26,陈兰森,广西,桂林府,临桂县,"110.290361,25.273674",110.290361,25.273674
1757,3,4,玉星烛,广西,南宁府,新宁州,"107.904216,22.634892",107.904216,22.634892
1757,3,73,刘长灵,广西,桂林府,全州,"111.073128,25.928907",111.073128,25.928907
1757,3,112,拱翊勋,广西,桂林府,临桂县,"110.290371,25.273684",110.290371,25.273684
1760,3,58,刘业俊,广西,浔州府,桂平县,"110.079484,23.394307",110.079484,23.394307
1760,3,105,雷文辉,广西,南宁府,宣化县,"108.365641,22.817651",108.365641,22.817651
1761,2,26,欧阳金,广西,柳州府,马平县,"109.410755,24.315428",109.410755,24.315428
1761,3,52,罗爌,广西,郁林州,北流县,"110.354340,22.708236",110.35434,22.708236
1761,3,80,秦宏智,广西,柳州府,马平县,"109.410765,24.315438",109.410765,24.315438
1761,3,93,唐世厚,广西,桂林府,全州,"111.073138,25.928917",111.073138,25.928917
1761,3,129,何三畏,广西,桂林府,临桂县,"110.290381,25.273694",110.290381,25.273694
1763,3,69,龙仲槐,广西,柳州府,雒容县,"109.605516,24.402721",109.605516,24.402721
1763,3,79,周位庚,广西,桂林府,临桂县,"110.290391,25.273704",110.290391,25.273704
1763,3,104,刘映棻,广西,桂林府,临桂县,"110.290401,25.273714",110.290401,25.273714
1763,3,108,李曜庚,广西,南宁府,宣化县,"108.365651,22.817661",108.365651,22.817661
1766,3,29,潘,广西,浔州府,桂平县,"110.079494,23.394317",110.079494,23.394317
1766,3,65,朱一玠,广西,桂林府,临桂县,"110.290411,25.273724",110.290411,25.273724
1766,3,103,郑名佐,广西,柳州府,象州,"109.683888,23.958514",109.683888,23.958514
1766,3,124,林时蕃,广西,桂林府,义宁县,"110.069645,25.375593",110.069645,25.375593
1769,3,85,莫异兰,广西,桂林府,临桂县,"110.290421,25.273734",110.290421,25.273734
1769,3,89,左方海,广西,桂林府,临桂县,"110.290431,25.273744",110.290431,25.273744
1771,2,55,朱依鲁,广西,桂林府,临桂县,"110.290441,25.273754",110.290441,25.273754
1771,3,52,梁孔珍,广西,郁林州,北流县,"110.354350,22.708246",110.35435,22.708246
1771,3,76,吴元琪,广西,平乐府,平乐县,"110.643375,24.633432",110.643375,24.633432
1772,3,46,周琢,广西,桂林府,临桂县,"110.290451,25.273764",110.290451,25.273764
1775,2,39,周琼,广西,桂林府,临桂县,"110.290461,25.273774",110.290461,25.273774
1775,3,81,吴道萱,广西,南宁府,横州,"109.261379,22.680063",109.261379,22.680063
1778,3,27,许霖,广西,桂林府,临桂县,"110.290471,25.273784",110.290471,25.273784
1778,3,56,王铠,广西,桂林府,临桂县,"110.290481,25.273794",110.290481,25.273794
1780,3,34,周之适,广西,桂林府,临桂县,"110.290491,25.273804",110.290491,25.273804
1780,3,71,李治泰,广西,郁林州,北流县,"110.354360,22.708256",110.35436,22.708256
1780,3,98,何愚,广西,平乐府,平乐县,"110.643385,24.633442",110.643385,24.633442
1781,3,49,李珪,广西,平乐府,恭城县,"110.828402,24.831411",110.828402,24.831411
1781,3,80,潘德周,广西,南宁府,宣化县,"108.365661,22.817671",108.365661,22.817671
1781,3,106,马延承,广西,南宁府,隆安县,"107.696115,23.165852",107.696115,23.165852
1784,3,29,朱依灵,广西,桂林府,临桂县,"110.290501,25.273814",110.290501,25.273814
1787,3,50,周维坛,广西,桂林府,临桂县,"110.290511,25.273824",110.290511,25.273824
1789,3,29,张鹏展,广西,思恩府,上林县,"108.604921,23.431936",108.604921,23.431936
1789,3,29,张鹏展,广西,思恩府,上林县,"107.338700,23.485000",107.3387,23.485
1790,3,24,熊兆璜,广西,桂林府,兴安县,"110.671661,25.611589",110.671661,25.611589
1793,3,46,朱桓,广西,桂林府,临桂县,"110.290521,25.273834",110.290521,25.273834
1795,3,33,唐维锡,广西,桂林府,临桂县,"110.290531,25.273844",110.290531,25.273844
1795,3,71,赵宜本,广西,桂林府,临桂县,"110.290541,25.273854",110.290541,25.273854
1796,3,27,周宏纲,广西,桂林府,临桂县,"110.290551,25.273864",110.290551,25.273864
1796,3,34,蒋作梅,广西,桂林府,灌阳县,"111.160771,25.489382",111.160771,25.489382
1799,3,21,张傅霖,广西,桂林府,临桂县,"110.290561,25.273874",110.290561,25.273874
1799,3,47,周玺,广西,桂林府,临桂县,"110.290571,25.273884",110.290571,25.273884
1799,3,105,马德表,广西,桂林府,全州,"111.073148,25.928927",111.073148,25.928927
1801,3,34,胡长庆,广西,桂林府,临桂县,"110.290581,25.273894",110.290581,25.273894
1801,3,57,莫宗华,广西,桂林府,临桂县,"110.290591,25.273904",110.290591,25.273904
1801,3,81,陆禹贡,广西,南宁府,隆安县,"107.696125,23.165862",107.696125,23.165862
1801,3,83,马建三,广西,太平府,永康州,"107.803710,22.809210",107.80371,22.80921
1801,3,89,许双羽,广西,桂林府,临桂县,"110.290601,25.273914",110.290601,25.273914
1801,3,99,朱奕森,广西,桂林府,临桂县,"110.290611,25.273924",110.290611,25.273924
1801,3,108,钟泰岳,广西,柳州府,融县,"109.256270,25.065973",109.25627,25.065973
1801,3,114,阙邦觐,广西,郁林州,北流县,"110.354370,22.708266",110.35437,22.708266
1802,2,53,卿祖培,广西,桂林府,灌阳县,"111.160781,25.489392",111.160781,25.489392
1802,3,65,李嘉佑,广西,桂林府,临桂县,"110.290621,25.273934",110.290621,25.273934
1802,3,91,易凤庭,广西,桂林府,灵川县,"110.390099,25.466171",110.390099,25.466171
1802,3,121,袁珏,广西,浔州府,平南县,"110.392149,23.539137",110.392149,23.539137
1802,3,139,胡朝瑺,广西,浔州府,平南县,"110.392159,23.539147",110.392159,23.539147
1805,2,38,何彤然,广西,平乐府,平乐县,"110.643395,24.633452",110.643395,24.633452
1805,3,35,秦基,广西,桂林府,灵川县,"110.390109,25.466181",110.390109,25.466181
1805,3,74,覃学海,广西,柳州府,象州,"109.683898,23.958524",109.683898,23.958524
1805,3,101,范澍,广西,太平府,龙州,"106.854376,22.342771",106.854376,22.342771
1805,3,113,陈兰策,广西,桂林府,临桂县,"110.290631,25.273944",110.290631,25.273944
1808,2,1,朱棨,广西,桂林府,临桂县,"110.290641,25.273954",110.290641,25.273954
1808,2,3,萧应荃,广西,桂林府,临桂县,"110.290651,25.273964",110.290651,25.273964
1808,2,68,廖爵,广西,桂林府,临桂县,"110.290661,25.273974",110.290661,25.273974
1808,3,5,周贻组,广西,桂林府,临桂县,"110.290671,25.273984",110.290671,25.273984
1808,3,63,刘书文,广西,柳州府,象州,"109.683908,23.958534",109.683908,23.958534
1808,3,90,蒋承洙,广西,桂林府,全州,"111.073158,25.928937",111.073158,25.928937
1809,3,23,秦伯度,广西,桂林府,临桂县,"110.290681,25.273994",110.290681,25.273994
1809,3,50,扬立冠,广西,柳州府,马平县,"109.410775,24.315448",109.410775,24.315448
1809,3,64,卓僩,广西,梧州府,藤县,"110.914623,23.374503",110.914623,23.374503
1809,3,110,栗作贡,广西,桂林府,临桂县,"110.290691,25.274004",110.290691,25.274004
1809,3,119,葛东昌,广西,南宁府,宣化县,"108.365671,22.817681",108.365671,22.817681
1809,3,134,余明道,广西,南宁府,永淳县,"108.924474,22.797985",108.924474,22.797985
1811,2,60,陈逢年,广西,南宁府,宣化县,"108.365681,22.817691",108.365681,22.817691
1811,3,7,顾涛,广西,桂林府,临桂县,"110.290701,25.274014",110.290701,25.274014
1811,3,44,吕璜,广西,桂林府,永福县,"109.983136,24.979754",109.983136,24.979754
1811,3,70,蒋启廷,广西,桂林府,全州,"111.073168,25.928947",111.073168,25.928947
1811,3,92,朱应诏,广西,桂林府,临桂县,"110.290711,25.274024",110.290711,25.274024
1811,3,107,王宗焘,广西,桂林府,临桂县,"110.290721,25.274034",110.290721,25.274034
1814,2,13,阳宗城,广西,桂林府,临桂县,"110.290731,25.274044",110.290731,25.274044
1814,2,92,朱绍恩,广西,桂林府,临桂县,"110.290741,25.274054",110.290741,25.274054
1814,3,14,黄暄,广西,桂林府,临桂县,"110.290751,25.274064",110.290751,25.274064
1814,3,100,唐正仁,广西,桂林府,临桂县,"110.290761,25.274074",110.290761,25.274074
1814,3,106,黄辅清,广西,浔州府,贵县,"109.572260,23.111454",109.57226,23.111454
1817,2,17,周宏绪,广西,桂林府,临桂县,"110.290771,25.274084",110.290771,25.274084
1817,2,22,周贻徽,广西,桂林府,临桂县,"110.290781,25.274094",110.290781,25.274094
1817,3,26,李佩莲,广西,平乐府,荔浦县,"110.395243,24.487753",110.395243,24.487753
1817,3,65,李光瀛,广西,桂林府,临桂县,"110.290791,25.274104",110.290791,25.274104
1817,3,80,吴鼎元,广西,柳州府,雒容县,"109.605526,24.402731",109.605526,24.402731
1817,3,114,张梦骥,广西,浔州府,武宣县,"109.663256,23.594031",109.663256,23.594031
1817,3,134,梁弼,广西,浔州府,平南县,"110.392169,23.539157",110.392169,23.539157
1819,2,30,李绍昉,广西,郁林州,北流县,"110.354380,22.708276",110.35438,22.708276
1819,3,19,廖重机,广西,桂林府,临桂县,"110.290801,25.274114",110.290801,25.274114
1819,3,28,吴绳显,广西,思恩府,迁江县,"108.964381,23.613008",108.964381,23.613008
1819,3,74,唐琳枝,广西,桂林府,临桂县,"110.290811,25.274124",110.290811,25.274124
1820,1,1,陈继昌,广西,桂林府,临桂县,"110.290821,25.274134",110.290821,25.274134
1820,2,76,冯赞勋,广西,南宁府,宣化县,"108.365691,22.817701",108.365691,22.817701
1820,3,47,黄金声,广西,思恩府,上林县,"108.604931,23.431946",108.604931,23.431946
1820,3,47,黄金声,广西,思恩府,上林县,"107.338710,23.485010",107.33871,23.48501
1820,3,57,章天宝,广西,思恩府,武缘县,"108.274790,23.158568",108.27479,23.158568
1820,3,77,李嵀,广西,平乐府,荔浦县,"110.395253,24.487763",110.395253,24.487763
1820,3,84,闭法易,广西,南宁府,横州,"109.261389,22.680073",109.261389,22.680073
1820,3,102,梁宗敏,广西,郁林州,北流县,"110.354390,22.708286",110.35439,22.708286
1822,2,76,马步銮,广西,桂林府,全州,"111.073178,25.928957",111.073178,25.928957
1822,2,91,况澄,广西,桂林府,临桂县,"110.290831,25.274144",110.290831,25.274144
1822,2,93,蒋启扬,广西,桂林府,全州,"111.073188,25.928967",111.073188,25.928967
1822,3,67,秦锡九,广西,桂林府,灵川县,"110.390119,25.466191",110.390119,25.466191
1822,3,105,顾椿,广西,桂林府,临桂县,"110.290841,25.274154",110.290841,25.274154
1823,2,34,郑绍谦,广西,桂林府,临桂县,"110.290851,25.274164",110.290851,25.274164
1823,2,89,李敏贤,广西,郁林州,北流县,"110.354400,22.708296",110.3544,22.708296
1823,3,55,梁葆庆,广西,太平府,崇善县,"107.353328,22.405301",107.353328,22.405301
1823,3,67,蒋方正,广西,桂林府,兴安县,"110.671671,25.611599",110.671671,25.611599
1823,3,113,李百龄,广西,梧州府,苍梧县,"111.320565,23.473129",111.320565,23.473129
1826,2,34,周启运,广西,桂林府,灵川县,"110.390129,25.466201",110.390129,25.466201
1826,2,59,朱一琼,广西,桂林府,临桂县,"110.290861,25.274174",110.290861,25.274174
1826,3,36,邓锡畴,广西,桂林府,临桂县,"110.290871,25.274184",110.290871,25.274184
1826,3,49,龙田光,广西,浔州府,平南县,"110.392179,23.539167",110.392179,23.539167
1826,3,148,周因培,广西,桂林府,临桂县,"110.290881,25.274194",110.290881,25.274194
1826,3,149,谢树琼,广西,桂林府,临桂县,"110.290891,25.274204",110.290891,25.274204
1829,2,21,胡元博,广西,桂林府,临桂县,"110.290901,25.274214",110.290901,25.274214
1829,2,56,栗穗,广西,桂林府,临桂县,"110.290911,25.274224",110.290911,25.274224
1829,3,13,李锡珖,广西,南宁府,横州,"109.261399,22.680083",109.261399,22.680083
1829,3,35,唐增麻,广西,桂林府,兴安县,"110.671681,25.611609",110.671681,25.611609
1829,3,47,林先梁,广西,郁林州,北流县,"110.354410,22.708306",110.35441,22.708306
1829,3,104,况澍,广西,桂林府,临桂县,"110.290921,25.274234",110.290921,25.274234
1832,2,8,朱楷,广西,桂林府,临桂县,"110.290931,25.274244",110.290931,25.274244
1832,2,53,黄大阜,广西,太平府,永康州,"107.803720,22.809220",107.80372,22.80922
1832,3,20,李锦业,广西,南宁府,宣化县,"108.365701,22.817711",108.365701,22.817711
1832,3,22,李燕昌,广西,郁林州,北流县,"110.354420,22.708316",110.35442,22.708316
1832,3,47,朱庭芬,广西,桂林府,临桂县,"110.290941,25.274254",110.290941,25.274254
1832,3,61,梁卓英,广西,平乐府,平乐县,"110.643405,24.633462",110.643405,24.633462
1833,2,76,黄炳光,广西,梧州府,苍梧县,"111.320575,23.473139",111.320575,23.473139
1833,2,88,蒋钟骐,广西,桂林府,全州,"111.073198,25.928977",111.073198,25.928977
1833,2,100,曾克敬,广西,平乐府,平乐县,"110.643415,24.633472",110.643415,24.633472
1833,3,78,蒋瑾,广西,桂林府,临桂县,"110.290951,25.274264",110.290951,25.274264
1835,2,12,余春照,广西,柳州府,融县,"109.256280,25.065983",109.25628,25.065983
1835,2,20,郑存纻,广西,柳州府,象州,"109.683918,23.958544",109.683918,23.958544
1835,2,60,朱琦,广西,桂林府,临桂县,"110.290961,25.274274",110.290961,25.274274
1835,2,66,李登瀛,广西,南宁府,永淳县,"108.924484,22.797995",108.924484,22.797995
1835,3,28,周贻缨,广西,桂林府,临桂县,"110.290971,25.274284",110.290971,25.274284
1835,3,39,胡超龙,广西,柳州府,马平县,"109.410785,24.315458",109.410785,24.315458
1835,3,107,左干春,广西,桂林府,临桂县,"110.290981,25.274294",110.290981,25.274294
1835,3,121,马德昭,广西,桂林府,全州,"111.073208,25.928987",111.073208,25.928987
1835,3,134,周秉让,广西,思恩府,上林县,"108.604941,23.431956",108.604941,23.431956
1835,3,134,周秉让,广西,思恩府,上林县,"107.338720,23.485020",107.33872,23.48502
1835,3,152,覃肇邦,广西,梧州府,容县,"110.557898,22.857786",110.557898,22.857786
1836,3,33,苏学健,广西,桂林府,义宁县,"110.069655,25.375603",110.069655,25.375603
1836,3,41,朱为霖,广西,桂林府,临桂县,"110.290991,25.274304",110.290991,25.274304
1836,3,50,黄鹏奋,广西,梧州府,容县,"110.557908,22.857796",110.557908,22.857796
1836,3,84,朱懋勋,广西,桂林府,临桂县,"110.291001,25.274314",110.291001,25.274314
1838,3,51,李廷樟,广西,郁林州,陆川县,"110.264051,22.320973",110.264051,22.320973
1838,3,79,梁本檀,广西,南宁府,宣化县,"108.365711,22.817721",108.365711,22.817721
1838,3,84,鄢敏学,广西,柳州府,马平县,"109.410795,24.315468",109.410795,24.315468
1838,3,90,欧阳山,广西,柳州府,马平县,"109.410805,24.315478",109.410805,24.315478
1838,3,105,时大杭,广西,桂林府,灌阳县,"111.160791,25.489402",111.160791,25.489402
1840,2,59,蒋琦淳,广西,桂林府,全州,"111.073218,25.928997",111.073218,25.928997
1840,3,3,钟英,广西,郁林州,北流县,"110.354430,22.708326",110.35443,22.708326
1840,3,46,郑庆崧,广西,桂林府,临桂县,"110.291011,25.274324",110.291011,25.274324
1840,3,89,汤廷诏,广西,庆远府,宜山县,"108.636615,24.485251",108.636615,24.485251
1841,1,1,龙启瑞,广西,桂林府,临桂县,"110.291021,25.274334",110.291021,25.274334
1841,2,24,吴祖昌,广西,浔州府,桂平县,"110.079504,23.394327",110.079504,23.394327
1841,2,83,蒋达,广西,桂林府,灌阳县,"111.160801,25.489412",111.160801,25.489412
1841,3,34,王锡振,广西,柳州府,马平县,"109.410815,24.315488",109.410815,24.315488
1841,3,84,封景岷,广西,梧州府,容县,"110.557918,22.857806",110.557918,22.857806
1844,2,37,邓廷楠,广西,南宁府,新宁州,"107.904226,22.634902",107.904226,22.634902
1844,2,51,郑崇孟,广西,桂林府,临桂县,"110.291031,25.274344",110.291031,25.274344
1844,2,61,王恩祥,广西,桂林府,临桂县,"110.291041,25.274354",110.291041,25.274354
1844,3,32,林芝龄,广西,浔州府,贵县,"109.572270,23.111464",109.57227,23.111464
1844,3,33,施绍文,广西,南宁府,横州,"109.261409,22.680093",109.261409,22.680093
1844,3,58,戴臣法,广西,桂林府,临桂县,"110.291051,25.274364",110.291051,25.274364
1845,2,96,林廷选,广西,浔州府,贵县,"109.572280,23.111474",109.57228,23.111474
1845,3,5,陈应台,广西,平乐府,荔浦县,"110.395263,24.487773",110.395263,24.487773
1845,3,62,莫炽,广西,平乐府,荔浦县,"110.395273,24.487783",110.395273,24.487783
1845,3,97,唐守道,广西,桂林府,灵川县,"110.390139,25.466211",110.390139,25.466211
1847,2,68,朱寿康,广西,桂林府,临桂县,"110.291061,25.274374",110.291061,25.274374
1847,2,74,李士瑞,广西,郁林州,北流县,"110.354440,22.708336",110.35444,22.708336
1847,2,77,栗增熉,广西,桂林府,临桂县,"110.291071,25.274384",110.291071,25.274384
1847,2,96,张培仁,广西,平乐府,贺县,"111.661147,24.328882",111.661147,24.328882
1847,2,100,黄金韶,广西,梧州府,容县,"110.557928,22.857816",110.557928,22.857816
1847,3,55,蒋培,广西,桂林府,全州,"111.073228,25.929007",111.073228,25.929007
1847,3,113,袁铨,广西,浔州府,平南县,"110.392189,23.539177",110.392189,23.539177
1850,2,85,何元恺,广西,平乐府,平乐县,"110.643425,24.633482",110.643425,24.633482
1850,3,35,徐步云,广西,桂林府,临桂县,"110.291081,25.274394",110.291081,25.274394
1850,3,46,周必超,广西,桂林府,临桂县,"110.291091,25.274404",110.291091,25.274404
1850,3,49,黎树桢,广西,浔州府,平南县,"110.392199,23.539187",110.392199,23.539187
1850,3,56,秦镇藩,广西,桂林府,义宁县,"110.069665,25.375613",110.069665,25.375613
1850,3,74,陈继仁,广西,桂林府,临桂县,"110.291101,25.274414",110.291101,25.274414
1850,3,96,李际昌,广西,桂林府,灵川县,"110.390149,25.466221",110.390149,25.466221
1850,2,26,杜寿朋,广西,南宁府,宣化县,"108.365721,22.817731",108.365721,22.817731
1850,2,35,周瑞清,广西,桂林府,临桂县,"110.291111,25.274424",110.291111,25.274424
1850,2,48,周益,广西,桂林府,临桂县,"110.291121,25.274434",110.291121,25.274434
1850,2,69,刘绍向,广西,桂林府,临桂县,"110.291131,25.274444",110.291131,25.274444
1850,2,71,唐启荫,广西,桂林府,临桂县,"110.291141,25.274454",110.291141,25.274454
1850,3,36,邓开运,广西,桂林府,临桂县,"110.291151,25.274464",110.291151,25.274464
1850,3,73,杨久佑,广西,桂林府,兴安县,"110.671691,25.611619",110.671691,25.611619
1852,2,6,蒋英元,广西,桂林府,全州,"111.073238,25.929017",111.073238,25.929017
1852,2,62,陆仁恬,广西,桂林府,临桂县,"110.291161,25.274474",110.291161,25.274474
1852,2,105,朱缃,广西,桂林府,临桂县,"110.291171,25.274484",110.291171,25.274484
1852,3,70,叶灿章,广西,梧州府,岑溪县,"110.994913,22.918350",110.994913,22.91835
1852,3,74,明之纲,广西,梧州府,苍梧县,"111.320585,23.473149",111.320585,23.473149
1853,2,63,雷瑞光,广西,南宁府,宣化县,"108.365731,22.817741",108.365731,22.817741
1853,2,92,靳邦庆,广西,桂林府,临桂县,"110.291181,25.274494",110.291181,25.274494
1853,3,10,陆汝黼,广西,桂林府,灌阳县,"111.160811,25.489422",111.160811,25.489422
1853,3,21,陈秀芝,广西,桂林府,兴安县,"110.671701,25.611629",110.671701,25.611629
1853,3,28,封蔚礽,广西,梧州府,容县,"110.557938,22.857826",110.557938,22.857826
1853,3,51,邓国光,广西,梧州府,藤县,"110.914633,23.374513",110.914633,23.374513
1856,2,61,刘昭文,广西,桂林府,临桂县,"110.291191,25.274504",110.291191,25.274504
1856,3,78,黄湛昌,广西,桂林府,临桂县,"110.291201,25.274514",110.291201,25.274514
1860,2,17,周干臣,广西,桂林府,临桂县,"110.291211,25.274524",110.291211,25.274524
1860,3,14,王耀文,广西,桂林府,临桂县,"110.291221,25.274534",110.291221,25.274534
1860,3,27,文宗欧,广西,桂林府,灌阳县,"111.160821,25.489432",111.160821,25.489432
1860,3,34,黄善福,广西,桂林府,灵川县,"110.390159,25.466231",110.390159,25.466231
1860,3,68,周冠,广西,桂林府,灵川县,"110.390169,25.466241",110.390169,25.466241
1862,2,18,周德润,广西,桂林府,临桂县,"110.291231,25.274544",110.291231,25.274544
1862,2,26,唐国翰,广西,桂林府,临桂县,"110.291241,25.274554",110.291241,25.274554
1862,3,3,况桂森,广西,桂林府,临桂县,"110.291251,25.274564",110.291251,25.274564
1862,3,26,李士琨,广西,郁林州,北流县,"110.354450,22.708346",110.35445,22.708346
1862,3,54,徐登云,广西,桂林府,临桂县,"110.291261,25.274574",110.291261,25.274574
1862,3,59,刘泽远,广西,桂林府,临桂县,"110.291271,25.274584",110.291271,25.274584
1862,3,64,萧开荣,广西,平乐府,平乐县,"110.643435,24.633492",110.643435,24.633492
1862,3,114,王尔琨,广西,桂林府,永福县,"109.983146,24.979764",109.983146,24.979764
1863,2,23,谢树棠,广西,桂林府,临桂县,"110.291281,25.274594",110.291281,25.274594
1863,2,27,周维翰,广西,桂林府,临桂县,"110.291291,25.274604",110.291291,25.274604
1863,2,65,刘曾,广西,桂林府,临桂县,"110.291301,25.274614",110.291301,25.274614
1863,2,75,李璲,广西,梧州府,苍梧县,"111.320595,23.473159",111.320595,23.473159
1863,3,29,杨钧培,广西,浔州府,桂平县,"110.079514,23.394337",110.079514,23.394337
1863,3,30,汤献祥,广西,桂林府,灵川县,"110.390179,25.466251",110.390179,25.466251
1863,3,47,谭子中,广西,镇安府,奉议州,"106.886700,23.717400",106.8867,23.7174
1863,3,62,文翰,广西,桂林府,临桂县,"110.291311,25.274624",110.291311,25.274624
1863,3,63,卓诚,广西,梧州府,藤县,"110.914643,23.374523",110.914643,23.374523
1863,3,70,周杰,广西,桂林府,灵川县,"110.390189,25.466261",110.390189,25.466261
1863,3,94,马学培,广西,柳州府,马平县,"109.410825,24.315498",109.410825,24.315498
1865,1,2,于建章,广西,桂林府,临桂县,"110.291321,25.274634",110.291321,25.274634
1865,2,5,韦业祥,广西,桂林府,永宁州,"109.771586,25.156081",109.771586,25.156081
1865,2,8,唐景崧,广西,桂林府,灌阳县,"111.160831,25.489442",111.160831,25.489442
1865,2,54,陆炳然,广西,平乐府,平乐县,"110.643445,24.633502",110.643445,24.633502
1865,3,9,周廷揆,广西,桂林府,灵川县,"110.390199,25.466271",110.390199,25.466271
1865,3,16,陈衍昌,广西,桂林府,临桂县,"110.291331,25.274644",110.291331,25.274644
1865,3,66,杨超元,广西,浔州府,桂平县,"110.079524,23.394347",110.079524,23.394347
1865,3,67,赵德麟,广西,桂林府,灵川县,"110.390209,25.466281",110.390209,25.466281
1865,3,124,阮调元,广西,郁林州,陆川县,"110.264061,22.320983",110.264061,22.320983
1868,2,23,周璜,广西,桂林府,临桂县,"110.291341,25.274654",110.291341,25.274654
1868,2,38,施廷弼,广西,南宁府,横州,"109.261419,22.680103",109.261419,22.680103
1868,2,44,秦钟简,广西,桂林府,灵川县,"110.390219,25.466291",110.390219,25.466291
1868,2,94,胡功祁,广西,桂林府,临桂县,"110.291351,25.274664",110.291351,25.274664
1868,3,5,苏汝恒,广西,桂林府,灵川县,"110.390229,25.466301",110.390229,25.466301
1868,3,34,阳肇先,广西,桂林府,灵川县,"110.390239,25.466311",110.390239,25.466311
1868,3,50,王必名,广西,桂林府,临桂县,"110.291361,25.274674",110.291361,25.274674
1868,3,65,邓明,广西,桂林府,临桂县,"110.291371,25.274684",110.291371,25.274684
1868,3,90,熊凤仪,广西,桂林府,临桂县,"110.291381,25.274694",110.291381,25.274694
1871,2,8,谢元福,广西,桂林府,临桂县,"110.291391,25.274704",110.291391,25.274704
1871,2,14,曹驯,广西,桂林府,临桂县,"110.291401,25.274714",110.291401,25.274714
1871,2,50,张瑄,广西,桂林府,临桂县,"110.291411,25.274724",110.291411,25.274724
1871,2,63,唐景崇,广西,桂林府,灌阳县,"111.160841,25.489452",111.160841,25.489452
1871,2,120,张永熙,广西,桂林府,灵川县,"110.390249,25.466321",110.390249,25.466321
1871,3,27,杨成章,广西,桂林府,灵川县,"110.390259,25.466331",110.390259,25.466331
1871,3,53,丁墉,广西,桂林府,临桂县,"110.291421,25.274734",110.291421,25.274734
1871,3,72,林兆南,广西,梧州府,苍梧县,"111.320605,23.473169",111.320605,23.473169
1871,3,93,赵炳埔,广西,桂林府,临桂县,"110.291431,25.274744",110.291431,25.274744
1871,3,97,唐光圻,广西,桂林府,全州,"111.073248,25.929027",111.073248,25.929027
1871,3,160,苏超才,广西,思恩府,武缘县,"108.274800,23.158578",108.2748,23.158578
1871,3,162,徐步月,广西,平乐府,荔浦县,"110.395283,24.487793",110.395283,24.487793
1871,3,176,赵文粹,广西,桂林府,永宁州,"109.771596,25.156091",109.771596,25.156091
1874,2,52,梁廷栋,广西,梧州府,苍梧县,"111.320615,23.473179",111.320615,23.473179
1874,2,72,靳元瑞,广西,桂林府,临桂县,"110.291441,25.274754",110.291441,25.274754
1874,2,108,石成峰,广西,桂林府,临桂县,"110.291451,25.274764",110.291451,25.274764
1874,2,121,吴锡璋,广西,桂林府,临桂县,"110.291461,25.274774",110.291461,25.274774
1874,3,32,杨怀震,广西,南宁府,永淳县,"108.924494,22.798005",108.924494,22.798005
1874,3,60,高继光,广西,梧州府,岑溪县,"110.994923,22.918360",110.994923,22.91836
1874,3,63,刘本植,广西,桂林府,临桂县,"110.291471,25.274784",110.291471,25.274784
1874,3,104,许寿甡,广西,梧州府,苍梧县,"111.320625,23.473189",111.320625,23.473189
1874,3,108,唐德俊,广西,桂林府,灵川县,"110.390269,25.466341",110.390269,25.466341
1874,3,116,钟懿蓉,广西,梧州府,苍梧县,"111.320635,23.473199",111.320635,23.473199
1874,3,119,梁嵘椿,广西,梧州府,苍梧县,"111.320645,23.473209",111.320645,23.473209
1874,3,149,刘发岐,广西,桂林府,全州,"111.073258,25.929037",111.073258,25.929037
1874,3,189,王维翰,广西,桂林府,临桂县,"110.291481,25.274794",110.291481,25.274794
1876,2,8,唐椿森,广西,南宁府,宣化县,"108.365741,22.817751",108.365741,22.817751
1876,2,61,刘宗标,广西,平乐府,贺县,"111.661157,24.328892",111.661157,24.328892
1876,2,77,钟德祥,广西,南宁府,宣化县,"108.365751,22.817761",108.365751,22.817761
1876,2,153,严钦,广西,梧州府,岑溪县,"110.994933,22.918370",110.994933,22.91837
1876,3,27,张仲良,广西,桂林府,临桂县,"110.291491,25.274804",110.291491,25.274804
1876,3,41,蒋元杰,广西,桂林府,全州,"111.073268,25.929047",111.073268,25.929047
1876,3,56,龙朝言,广西,桂林府,临桂县,"110.291501,25.274814",110.291501,25.274814
1876,3,108,马,广西,桂林府,临桂县,"110.291511,25.274824",110.291511,25.274824
1876,3,117,傅超衡,广西,桂林府,临桂县,"110.291521,25.274834",110.291521,25.274834
1876,3,138,杨超松,广西,梧州府,岑溪县,"110.994943,22.918380",110.994943,22.91838
1876,3,139,谭维铎,广西,梧州府,苍梧县,"111.320655,23.473219",111.320655,23.473219
1876,3,154,邵谦和,广西,梧州府,苍梧县,"111.320665,23.473229",111.320665,23.473229
1876,3,155,李日章,广西,柳州府,象州,"109.683928,23.958554",109.683928,23.958554
1877,2,4,唐景崶,广西,桂林府,灌阳县,"111.160851,25.489462",111.160851,25.489462
1877,2,86,覃梦榕,广西,桂林府,阳朔县,"110.496603,24.778491",110.496603,24.778491
1877,2,92,林翰清,广西,浔州府,贵县,"109.572290,23.111484",109.57229,23.111484
1877,2,124,李庆云,广西,郁林州,陆川县,"110.264071,22.320993",110.264071,22.320993
1877,3,84,关广槐,广西,梧州府,苍梧县,"111.320675,23.473239",111.320675,23.473239
1877,3,88,梁瑞祥,广西,浔州府,贵县,"109.572300,23.111494",109.5723,23.111494
1877,3,95,杨泳春,广西,桂林府,临桂县,"110.291531,25.274844",110.291531,25.274844
1877,3,117,许钟岳,广西,桂林府,兴安县,"110.671711,25.611639",110.671711,25.611639
1877,3,128,黄维清,广西,梧州府,怀集县,"112.184525,23.911893",112.184525,23.911893
1877,3,148,林乃柽,广西,浔州府,贵县,"109.572310,23.111504",109.57231,23.111504
1877,3,186,茹庆铨,广西,梧州府,苍梧县,"111.320685,23.473249",111.320685,23.473249
1877,3,190,谢煌,广西,南宁府,宣化县,"108.365761,22.817771",108.365761,22.817771
1880,2,40,胡连,广西,桂林府,永福县,"109.983156,24.979774",109.983156,24.979774
1880,2,49,于式枚,广西,平乐府,贺县,"111.661167,24.328902",111.661167,24.328902
1880,2,56,黄俊熙,广西,桂林府,临桂县,"110.291541,25.274854",110.291541,25.274854
1880,2,78,刘名誉,广西,桂林府,临桂县,"110.291551,25.274864",110.291551,25.274864
1880,2,83,林承泽,广西,桂林府,临桂县,"110.291561,25.274874",110.291561,25.274874
1880,2,89,谢启华,广西,桂林府,临桂县,"110.291571,25.274884",110.291571,25.274884
1880,2,110,张悼奎,广西,太平府,龙州厅,"106.854386,22.342781",106.854386,22.342781
1880,2,122,蔡揆忠,广西,太平府,永康州,"107.803730,22.809230",107.80373,22.80923
1880,2,125,赵文伟,广西,桂林府,永宁州,"109.771606,25.156101",109.771606,25.156101
1880,3,1,封祝唐,广西,梧州府,容县,"110.557948,22.857836",110.557948,22.857836
1880,3,9,石鸿韶,广西,柳州府,象州,"109.683938,23.958564",109.683938,23.958564
1880,3,22,卢煦春,广西,桂林府,临桂县,"110.291581,25.274894",110.291581,25.274894
1880,3,69,朱方辉,广西,浔州府,平南县,"110.392209,23.539197",110.392209,23.539197
1880,3,92,莫燮干,广西,浔州府,平南县,"110.392219,23.539207",110.392219,23.539207
1883,2,87,骆景宙,广西,梧州府,容县,"110.557958,22.857846",110.557958,22.857846
1883,2,108,左盛均,广西,桂林府,临桂县,"110.291591,25.274904",110.291591,25.274904
1883,3,40,雷祖迪,广西,桂林府,全州,"111.073278,25.929057",111.073278,25.929057
1883,3,47,李务滋,广西,桂林府,临桂县,"110.291601,25.274914",110.291601,25.274914
1883,3,55,庞桂庭,广西,梧州府,容县,"110.557968,22.857856",110.557968,22.857856
1883,3,70,李秉瑞,广西,桂林府,临桂县,"110.291611,25.274924",110.291611,25.274924
1883,3,85,周绍刘,广西,桂林府,灵川县,"110.390279,25.466351",110.390279,25.466351
1883,3,89,谢济民,广西,浔州府,桂平县,"110.079534,23.394357",110.079534,23.394357
1883,3,105,周安,广西,桂林府,灵川县,"110.390289,25.466361",110.390289,25.466361
1883,3,120,黄玉忠,广西,梧州府,容县,"110.557978,22.857866",110.557978,22.857866
1883,3,138,吕佩瑀,广西,郁林州,陆川县,"110.264081,22.321003",110.264081,22.321003
1883,3,156,唐枝中,广西,平乐府,平乐县,"110.643455,24.633512",110.643455,24.633512
1886,2,8,谢元麒,广西,桂林府,临桂县,"110.291621,25.274934",110.291621,25.274934
1886,2,74,党庆奎,广西,郁林州,北流县,"110.354460,22.708356",110.35446,22.708356
1886,2,103,杨文春,广西,梧州府,苍梧县,"111.320695,23.473259",111.320695,23.473259
1886,2,129,凌芬,广西,桂林府,临桂县,"110.291631,25.274944",110.291631,25.274944
1886,3,9,杨森,广西,浔州府,桂平县,"110.079544,23.394367",110.079544,23.394367
1886,3,21,陈时中,广西,梧州府,容县,"110.557988,22.857876",110.557988,22.857876
1886,3,38,唐则璲,广西,桂林府,临桂县,"110.291641,25.274954",110.291641,25.274954
1886,3,69,金鹏,广西,桂林府,临桂县,"110.291651,25.274964",110.291651,25.274964
1886,3,122,胡裔麟,广西,梧州府,苍梧县,"111.320705,23.473269",111.320705,23.473269
1886,3,156,王秉箓,广西,柳州府,融县,"109.256290,25.065993",109.25629,25.065993
1886,3,163,唐国珍,广西,桂林府,灵川县,"110.390299,25.466371",110.390299,25.466371
1889,1,1,张建勋,广西,桂林府,临桂县,"110.291661,25.274974",110.291661,25.274974
1889,2,58,张其镃,广西,桂林府,临桂县,"110.291671,25.274984",110.291671,25.274984
1889,2,60,曹树藩,广西,桂林府,临桂县,"110.291681,25.274994",110.291681,25.274994
1889,3,22,黄榜书,广西,浔州府,桂平县,"110.079554,23.394377",110.079554,23.394377
1889,3,52,郭以诚,广西,桂林府,临桂县,"110.291691,25.275004",110.291691,25.275004
1889,3,57,周秉道,广西,浔州府,桂平县,"110.079564,23.394387",110.079564,23.394387
1889,3,68,黄炳辰,广西,桂林府,临桂县,"110.291701,25.275014",110.291701,25.275014
1889,3,72,李光卓,广西,桂林府,永福县,"109.983166,24.979784",109.983166,24.979784
1889,3,73,汤汝和,广西,桂林府,灵川县,"110.390309,25.466381",110.390309,25.466381
1889,3,98,彭献寿,广西,庆远府,宜山县,"108.636625,24.485261",108.636625,24.485261
1889,3,152,曾思睿,广西,平乐府,平乐县,"110.643465,24.633522",110.643465,24.633522
1890,2,19,王敩成,广西,梧州府,藤县,"110.914653,23.374533",110.914653,23.374533
1890,2,24,许晋祁,广西,桂林府,临桂县,"110.291711,25.275024",110.291711,25.275024
1890,2,45,关榕祚,广西,桂林府,临桂县,"110.291721,25.275034",110.291721,25.275034
1890,2,80,李骥年,广西,桂林府,永福县,"109.983176,24.979794",109.983176,24.979794
1890,2,82,李孝先,广西,平乐府,贺县,"111.661177,24.328912",111.661177,24.328912
1890,3,20,植尧兰,广西,梧州府,怀集县,"112.184535,23.911903",112.184535,23.911903
1890,3,50,罗栋材,广西,梧州府,苍梧县,"111.320715,23.473279",111.320715,23.473279
1890,3,57,陆辅清,广西,桂林府,灌阳县,"111.160861,25.489472",111.160861,25.489472
1890,3,105,钟德瑞,广西,南宁府,宣化县,"108.365771,22.817781",108.365771,22.817781
1890,3,114,黄国琦,广西,南宁府,宣化县,"108.365781,22.817791",108.365781,22.817791
1890,3,119,苏岱,广西,桂林府,灵川县,"110.390319,25.466391",110.390319,25.466391
1890,3,148,侯绍宣,广西,桂林府,永福县,"109.983186,24.979804",109.983186,24.979804
1890,3,178,姚钟璜,广西,浔州府,桂平县,"110.079574,23.394397",110.079574,23.394397
1890,3,181,黄天怀,广西,镇安府,奉议州,"106.886710,23.717410",106.88671,23.71741
1892,1,1,刘福姚,广西,桂林府,临桂县,"110.291731,25.275044",110.291731,25.275044
1892,2,20,赖鹤年,广西,浔州府,桂平县,"110.079584,23.394407",110.079584,23.394407
1892,2,40,范家祚,广西,桂林府,临桂县,"110.291741,25.275054",110.291741,25.275054
1892,3,3,冯舜生,广西,浔州府,桂平县,"110.079594,23.394417",110.079594,23.394417
1892,3,24,王家骥,广西,桂林府,临桂县,"110.291751,25.275064",110.291751,25.275064
1892,3,47,陈福荫,广西,桂林府,临桂县,"110.291761,25.275074",110.291761,25.275074
1892,3,68,吕森,广西,桂林府,临桂县,"110.291771,25.275084",110.291771,25.275084
1892,3,146,阳顗,广西,桂林府,临桂县,"110.291781,25.275094",110.291781,25.275094
1892,3,157,秦士麟,广西,桂林府,临桂县,"110.291791,25.275104",110.291791,25.275104
1892,3,179,周培懋,广西,南宁府,宣化县,"108.365791,22.817801",108.365791,22.817801
1894,2,31,关冕钧,广西,梧州府,苍梧县,"111.320725,23.473289",111.320725,23.473289
1894,2,74,周绍昌,广西,桂林府,灵川县,"110.390329,25.466401",110.390329,25.466401
1894,2,98,冯锡瓌,广西,梧州府,岑溪县,"110.994953,22.918390",110.994953,22.91839
1894,2,127,麦玉华,广西,梧州府,容县,"110.557998,22.857886",110.557998,22.857886
1894,3,11,谢崇厚,广西,南宁府,宣化县,"108.365801,22.817811",108.365801,22.817811
1894,3,26,赵润生,广西,桂林府,全州,"111.073288,25.929067",111.073288,25.929067
1894,3,32,莫如晋,广西,桂林府,阳朔县,"110.496613,24.778501",110.496613,24.778501
1894,3,50,黎元熙,广西,桂林府,灵川县,"110.390339,25.466411",110.390339,25.466411
1894,3,65,彭希祖,广西,平乐府,兴业县,"109.875723,22.741748",109.875723,22.741748
1894,3,85,李良年,广西,桂林府,永福县,"109.983196,24.979814",109.983196,24.979814
1894,3,88,朱宝翰,广西,浔州府,平南县,"110.392229,23.539217",110.392229,23.539217
1894,3,103,祁永膺,广西,平乐府,博白县,"109.976002,22.272962",109.976002,22.272962
1894,3,109,茹震模,广西,梧州府,苍梧县,"111.320735,23.473299",111.320735,23.473299
1894,3,131,陈仕扬,广西,平乐府,北流县,"110.354470,22.708366",110.35447,22.708366
1894,3,179,郑揆一,广西,桂林府,临桂县,"110.291801,25.275114",110.291801,25.275114
1895,2,11,赵炳麟,广西,桂林府,全州,"111.073298,25.929077",111.073298,25.929077
1895,2,27,朱永观,广西,南宁府,横州,"109.261429,22.680113",109.261429,22.680113
1895,2,47,李国材,广西,浔州府,平南县,"110.392239,23.539227",110.392239,23.539227
1895,2,70,刘明华,广西,郁林府,博白县,"109.976012,22.272972",109.976012,22.272972
1895,3,1,文同书,广西,桂林府,灵川县,"110.390349,25.466421",110.390349,25.466421
1895,3,11,江蕴琛,广西,柳州府,融县,"109.256300,25.066003",109.2563,25.066003
1895,3,59,朱远绶,广西,桂林府,临桂县,"110.291811,25.275124",110.291811,25.275124
1895,3,90,朱远缮,广西,桂林府,临桂县,"110.291821,25.275134",110.291821,25.275134
1895,3,105,韦锦恩,广西,镇安府,奉议州,"106.886720,23.717420",106.88672,23.71742
1895,3,137,秦献祥,广西,桂林府,永福县,"109.983206,24.979824",109.983206,24.979824
1898,2,36,于式棱,广西,平乐府,贺县,"111.661187,24.328922",111.661187,24.328922
1898,2,56,崔肇琳,广西,浔州府,桂平县,"110.079604,23.394427",110.079604,23.394427
1898,2,61,区家伟,广西,梧州府,苍梧县,"111.320745,23.473309",111.320745,23.473309
1898,2,116,陈启棠,广西,郁林州,北流县,"110.354480,22.708376",110.35448,22.708376
1898,2,131,王希贤,广西,桂林府,临桂县,"110.291831,25.275144",110.291831,25.275144
1898,3,3,陈智伟,广西,桂林府,临桂县,"110.291841,25.275154",110.291841,25.275154
1898,3,34,范晋藩,广西,郁林州,陆川县,"110.264091,22.321013",110.264091,22.321013
1898,3,60,龙焕纶,广西,桂林府,临桂县,"110.291851,25.275164",110.291851,25.275164
1898,3,64,唐樾森,广西,南宁府,宣化县,"108.365811,22.817821",108.365811,22.817821
1898,3,80,韦朝冕,广西,南宁府,宣化县,"108.365821,22.817831",108.365821,22.817831
1898,3,148,黎效松,广西,梧州府,藤县,"110.914663,23.374543",110.914663,23.374543
1903,2,57,赖瑾,广西,泽州府,桂平县,"110.079614,23.394437",110.079614,23.394437
1903,2,82,朱德垣,广西,桂林府,临桂县,"110.291861,25.275174",110.291861,25.275174
1903,2,84,陈树勋,广西,梧州府,岑溪县,"110.994963,22.918400",110.994963,22.9184
1903,2,102,廖振榘,广西,平乐府,平乐县,"110.643475,24.633532",110.643475,24.633532
1903,3,36,邓荣辅,广西,桂林府,临桂县,"110.291871,25.275184",110.291871,25.275184
1903,3,49,高嘉仁,广西,梧州府,苍梧县,"111.320755,23.473319",111.320755,23.473319
1903,3,51,唐树彤,广西,桂林府,临桂县,"110.291881,25.275194",110.291881,25.275194
1903,3,85,张书云,广西,桂林府,临桂县,"110.291891,25.275204",110.291891,25.275204
1903,3,122,吕浚堃,广西,郁林州,陆川县,"110.264101,22.321023",110.264101,22.321023
1903,3,150,马骏昌,广西,桂林府,临桂县,"110.291901,25.275214",110.291901,25.275214
1903,3,156,李文诏,广西,梧州府,岑溪县,"110.994973,22.918410",110.994973,22.91841
1904,2,2,林世焘,广西,平乐府,贺县,"111.661197,24.328932",111.661197,24.328932
1904,2,31,谢启中,广西,桂林府,临桂县,"110.291911,25.275224",110.291911,25.275224
1904,2,44,唐尚光,广西,桂林府,全州,"111.073308,25.929087",111.073308,25.929087
1904,2,89,钟刚中,广西,南宁府,宣化县,"108.365831,22.817841",108.365831,22.817841
1904,2,103,何振清,广西,平乐府,贺县,"111.661207,24.328942",111.661207,24.328942
1904,2,118,张其锽,广西,桂林府,临桂县,"110.291921,25.275234",110.291921,25.275234
1904,3,7,陈敉功,广西,桂林府,临桂县,"110.291931,25.275244",110.291931,25.275244
1904,3,53,吴兆梅,广西,桂林府,兴安县,"110.671721,25.611649",110.671721,25.611649
1904,3,97,周安康,广西,桂林府,临桂县,"110.291941,25.275254",110.291941,25.275254
1904,3,112,徐培,广西,桂林府,临桂县,"110.291951,25.275264",110.291951,25.275264
1904,3,121,陈金华,广西,桂林府,永福县,"109.983216,24.979834",109.983216,24.979834
1904,3,125,李寿祺,广西,郁林州,北流县,"110.354490,22.708386",110.35449,22.708386
